Students,SingleThread(ms),MultiThread(ms),Speedup
100,0.503,0.73,0.689041
500,3.067,2.597,1.18098
1000,5.945,5.277,1.12659
5000,28.263,24.886,1.1357
10000,49.869,47.822,1.0428
50000,203.224,152.233,1.33495
100000,380.686,211.036,1.80389
500000,1776.23,754.362,2.35462
1000000,3518,1427.06,2.46521
